ts	phase	decision	why	evidence	result
2026-10-02T00:00:00Z	frame	Preserve the HTTP and saved-data contracts in a Rust backend	Keep the React frontend and user labels compatible	docs/architecture.md	open
2026-10-02T14:05:00Z	implementation	Use FreeType for native Rust text rendering	Preserve the existing glyph metrics and legacy label layout	server/src/rendering.rs	42 text references matched by renderer worker; integration pending
2026-10-02T14:05:01Z	implementation	Keep Brother raster fixtures from the previous driver	Verify wire compatibility without printing physical labels	server/tests/fixtures/cases.json	9 raster fixtures matched
2026-10-02T14:05:02Z	deployment	Build a separate ARM binary before changing the service	Keep the working Python service available throughout migration	/home/matt/label-rust-build	build in progress
2026-10-02T14:40:38+00:00	audit	Clarify early provisional evidence and timestamps	The initial midnight timestamp was a placeholder and worker reference counts were provisional	evidence/native-tests.txt	Use the persisted 14 image fixtures and 9 raster fixtures as the reproducible baseline
2026-10-02T14:40:38+00:00	verification	Preserve the existing printed text appearance with native FreeType and Pillow-compatible resizing	Saved labels must keep their geometry and glyph placement	evidence/render-comparison.json	40 pixel-identical previews; 10 QR mask differences decode to the same contents and dimensions
2026-10-02T14:40:38+00:00	verification	Compare all discovered font identifiers before deployment	Saved label fonts must continue resolving to the same faces	evidence/font-comparison.json	294 Python identifiers equal 294 Rust identifiers
2026-10-02T14:40:38+00:00	review	Bound image batches and reuse rendered pages for repeated copies	Independent review found avoidable image copies and large batches that could exhaust Pi memory	../..//server/src/printer_risk_tests.rs	Tests reject oversized batches before printing and accept 100 copies with one rendering
2026-10-02T14:40:38+00:00	review	Rasterize large high-resolution PDFs at the label dimensions	A full Letter page at 600 dpi exceeds the intermediate image limit	evidence/webhook-checks.txt	HTTP checks pass for both continuous and fixed media
2026-10-02T14:40:38+00:00	review	Retain HTTP 400 for legacy webhook processing failures	The existing webhook contract differs from Studio printer error responses	evidence/webhook-checks.txt	Printer-lock contention returns HTTP 400; Studio retains typed errors
2026-10-02T14:40:38+00:00	verification	Run native tests and the external API suite against the release binary	Exercise the same endpoints used by the React app without physical printing	evidence/native-tests.txt; evidence/http-checks.txt	44 native tests passed; 1 network-dependent test ignored by default; 134 HTTP requests passed
2026-10-02T14:40:38+00:00	deployment	Use private clean C headers after the Pi build exposed corrupt development files	Avoid replacing the core C runtime while the existing printer service is live	/tmp/label-rust-build.log on labels.local	ARM build continues; Python service remains active; private data backup saved outside Git
